id,reviewed_at,must_be_deleted
cpa_jydiwzqwgl,2024-02-18 23:23:48.018697+00:00,True
cpa_qkoueuohqs,2024-02-18 23:31:32.418991+00:00,False
cpa_tcpxzdoxbf,2024-02-18 23:34:39.759007+00:00,False
cpa_efnbugsuly,2024-02-18 23:35:19.209795+00:00,False
cpa_oubiibearq,2024-02-18 23:35:22.327702+00:00,False
cpa_azixvmhlvr,2024-02-18 23:35:31.440344+00:00,False
cpa_csghlpiukl,2024-02-18 23:35:33.889056+00:00,False
cpa_onjqiutdyq,2024-02-18 23:35:36.068033+00:00,False
cpa_mgopziffub,2024-02-18 23:35:37.235977+00:00,False
cpa_ceacpgurgx,2024-02-18 23:35:37.981751+00:00,False
cpa_lwgfvpstlh,2024-02-18 23:35:42.439656+00:00,False
cpa_xrkjqarqrz,2024-02-18 23:36:59.812325+00:00,False
cpa_caspbkvurm,2024-02-18 23:37:00.990873+00:00,False
cpa_gdymdtvqnh,2024-02-18 23:37:03.226544+00:00,False
cpa_efhahcztyh,2024-02-18 23:37:03.840393+00:00,False
cpa_zpzrpnqkkm,2024-02-18 23:37:04.369887+00:00,False
cpa_zfgtujiqbj,2024-02-18 23:37:04.842940+00:00,False
cpa_ywnpxobhag,2024-02-18 23:37:05.251673+00:00,False
cpa_uggqekmcdj,2024-02-18 23:37:05.576832+00:00,False
cpa_mgcesevfcb,2024-02-18 23:37:05.924495+00:00,False
cpa_yuhkzfwxsm,2024-02-18 23:37:06.221540+00:00,False
cpa_lzatshirmb,2024-02-18 23:37:06.559736+00:00,False
cpa_qtaykledfb,2024-02-18 23:37:06.859496+00:00,False
cpa_dqwtjkygxs,2024-02-18 23:37:07.177661+00:00,False
cpa_kovuudmnht,2024-02-18 23:37:07.487417+00:00,False
cpa_vichgqqjcf,2024-02-18 23:37:07.805175+00:00,False
cpa_yghjgvdjth,2024-02-18 23:37:08.304103+00:00,False
cpa_seskmxfuus,2024-02-18 23:37:08.826263+00:00,False
cpa_xobinsmolp,2024-02-18 23:37:09.263276+00:00,False
cpa_cgmjgvyksg,2024-02-18 23:37:09.678945+00:00,False
cpa_fsrvbwouag,2024-02-18 23:37:17.353685+00:00,False
cpa_kjmfgteqqn,2024-02-18 23:37:17.976492+00:00,False
cpa_chrizxbzpg,2024-02-18 23:37:18.519216+00:00,False
cpa_qypxxltgtf,2024-02-18 23:37:19.022202+00:00,False
cpa_zzlkbzcnoi,2024-02-18 23:37:19.443760+00:00,False
cpa_ohjbjxduav,2024-02-18 23:37:19.843777+00:00,False
cpa_qpgqytpumv,2024-02-18 23:37:20.464255+00:00,False
cpa_nqstjrbmsd,2024-02-18 23:37:21.039003+00:00,False
cpa_dceejfindv,2024-02-18 23:37:22.718231+00:00,False
cpa_ebktufwknk,2024-02-18 23:37:23.466229+00:00,False
cpa_evvdernevh,2024-02-18 23:37:24.308266+00:00,False
cpa_yybsvqicig,2024-02-18 23:37:24.877968+00:00,False
cpa_nlwxngyuop,2024-02-18 23:37:25.498635+00:00,False
cpa_spwinewshq,2024-02-18 23:37:25.971161+00:00,False
cpa_ecetmgukyg,2024-02-18 23:37:26.377720+00:00,False
cpa_fwbmklivtp,2024-02-18 23:37:31.184029+00:00,False
cpa_efwjbrgbzf,2024-02-19 18:53:54.079373+00:00,False
cpa_ixtxnurgqh,2024-02-19 18:53:56.043291+00:00,False
cpa_tmsdsycteh,2024-02-19 18:53:56.518543+00:00,False
cpa_qhcvmmuyow,2024-02-19 18:53:57.007370+00:00,False
cpa_daerbpyupz,2024-02-19 18:53:57.441069+00:00,False
cpa_frxojkbrnk,2024-02-19 18:53:57.841207+00:00,False
cpa_flzuwcnuxg,2024-02-19 18:53:58.145597+00:00,False
cpa_maaolvogja,2024-02-19 18:53:58.598908+00:00,False
cpa_keqnnbgang,2024-02-19 18:53:58.999124+00:00,False
cpa_haynascljy,2024-02-19 18:53:59.345719+00:00,False
cpa_mgcrtsnnbz,2024-02-19 18:53:59.710075+00:00,False
cpa_mysfikfgwk,2024-02-19 18:54:00.068558+00:00,False
cpa_iquyudzxrt,2024-02-19 18:54:00.483647+00:00,False
cpa_nxxxoiiqie,2024-02-19 18:54:00.803648+00:00,False
cpa_lzjyzeeyyq,2024-02-19 18:54:01.238900+00:00,False
cpa_yqtmlyvblp,2024-02-19 18:54:01.670125+00:00,False
cpa_bxvajwuecd,2024-02-19 18:54:04.311647+00:00,False
cpa_qrnfarvsvx,2024-02-19 18:54:32.815776+00:00,False
cpa_unudzdzcig,2024-02-19 18:55:52.675208+00:00,False
cpa_nootsmgnsz,2024-02-19 18:55:57.823908+00:00,False
cpa_mfybhkiywq,2024-02-19 18:56:07.904827+00:00,False
cpa_ecnexwbias,2024-02-19 18:56:08.738020+00:00,False
cpa_wcocpcvfft,2024-02-19 18:56:16.510033+00:00,False
cpa_ebqfkljmpd,2024-02-19 18:56:53.428191+00:00,False
cpa_sfalgyusoe,2024-02-19 18:57:06.091841+00:00,False
cpa_ohhdrvxkqe,2024-02-19 18:57:10.054341+00:00,False
cpa_ryikvoyujf,2024-02-19 18:57:11.481675+00:00,False
c7681abe2c,2024-02-19 18:57:13.559044+00:00,False
0a33a31886,2024-02-19 18:57:15.413134+00:00,False
26144ae1d0,2024-02-19 18:58:46.217628+00:00,False
2e83e1bc7a,2024-02-19 18:58:48.174220+00:00,False
5ab190740f,2024-02-19 18:58:48.952824+00:00,False
f12c53fe79,2024-02-19 18:58:49.584342+00:00,False
f97e24bffa,2024-02-19 18:58:50.339623+00:00,False
f898edc957,2024-02-19 18:58:50.996195+00:00,False
7082ad0306,2024-02-19 18:58:51.567988+00:00,False
6191fd96ab,2024-02-19 18:58:53.440862+00:00,False
09d9bcd672,2024-02-19 18:58:54.798138+00:00,False
10fb26cd6a,2024-02-19 18:58:55.287375+00:00,False
cpa_lioimvfeuz,2024-02-19 19:24:55.598801+00:00,True
